tokens,frequency
hotel,451
room,294
staff,207
great,155
naples,149
view,149
restaurant,141
stay,138
service,120
breakfast,117
pool,104
location,86
nice,83
romeo,82
good,80
night,74
helpful,73
would,73
modern,71
one,71
time,71
spa,70
area,70
well,68
excellent,67
friendly,67
also,59
beautiful,58
amazing,57
really,56
day,56
city,55
food,54
best,54
port,53
star,52
bar,52
stayed,49
comfortable,49
place,47
clean,45
get,45
back,44
lovely,43
ferry,43
top,42
floor,42
bed,42
small,41
wonderful,40
experience,39
like,38
walk,37
see,36
capri,33
front,33
bathroom,33
shower,33
two,33
could,33
close,32
even,32
rooftop,32
every,30
vesuvius,30
made,30
lot,30
perfect,29
decor,28
facility,28
definitely,28
design,28
many,28
trip,28
reception,28
minute,27
light,27
everything,27
high,26
bit,26
around,26
evening,26
much,26
lobby,26
drink,25
way,25
suite,25
michelin,25
quite,25
desk,25
make,24
visit,24
first,24
got,24
cruise,24
loved,23
however,23
want,23
bay,23
ship,23
recommend,23
harbor,22
harbour,22
dinner,22
attentive,21
right,21
ever,21
extremely,21
art,21
need,21
walking,21
fantastic,21
enjoyed,20
booked,20
buffet,20
amenity,20
quality,19
water,19
gym,19
truly,18
space,18
arrival,18
option,18
take,18
amalfi,18
warm,18
staying,17
professional,17
left,17
feel,17
people,17
guest,17
next,17
expensive,17
arrived,17
everyone,17
flight,17
offer,17
spent,17
spacious,16
especially,16
poor,16
better,16
looking,16
little,16
exceptional,16
distance,15
hour,15
although,15
birthday,15
super,15
9th,15
located,15
overall,15
price,15
end,15
open,15
part,15
last,15
use,15
size,15
special,15
fabulous,14
morning,14
luxury,14
still,14
included,14
napoli,14
short,14
nothing,14
enjoy,14
say,14
busy,14
check,14
thing,14
felt,14
easy,14
italy,14
large,14
able,14
look,14
coffee,13
across,13
door,13
welcome,13
coast,13
throughout,13
relaxing,13
ask,13
must,13
closed,13
main,13
english,13
home,13
wait,13
find,13
took,13
gorgeous,13
table,13
manager,13
turn,12
full,12
bad,12
come,12
book,12
taxi,12
appointed,12
etc,12
chocolate,12
early,12
standard,12
return,12
work,12
think,12
delicious,12
choice,12
never,12
far,12
told,12
stunning,12
going,11
leave,11
needed,11
something,11
pleasant,11
egg,11
though,11
euro,11
review,11
sauna,11
found,11
long,11
always,11
street,11
kind,11
francesco,11
enough,11
second,11
taking,11
help,11
another,11
different,11
highly,11
week,11
local,11
building,11
system,11
roof,11
thought,10
absolutely,10
eat,10
accommodating,10
dock,10
parking,10
put,10
car,10
wine,10
reservation,10
five,10
old,10
interesting,10
access,10
stylish,10
order,10
sorrento,10
point,10
touch,10
wife,10
rate,10
away,10
airport,10
deluxe,10
sleep,10
welcoming,10
unfortunately,10
worth,10
without,9
steam,9
recommendation,9
kept,9
sure,9
tried,9
concierge,9
wish,9
le,9
served,9
lighting,9
quick,9
four,9
property,9
paid,9
within,9
disappointing,9
glass,9
outstanding,9
center,9
course,9
moment,9
cool,9
cake,9
wellness,9
outside,9
using,9
corner,9
family,9
terminal,9
booking,9
site,9
used,9
husband,9
came,9
complaint,8
know,8
entire,8
thank,8
disappointed,8
dining,8
recommended,8
actually,8
type,8
mount,8
start,8
equipped,8
lunch,8
enjoyable,8
superb,8
boutique,8
thanks,8
shopping,8
towel,8
spend,8
train,8
menu,8
relax,8
team,8
helped,8
honeymoon,8
upon,8
happy,8
new,8
available,8
junior,8
said,8
interior,8
incredibly,8
friend,8
money,8
plus,8
near,8
gave,8
completely,8
website,8
comandante,8
facing,7
road,7
beyond,7
central,7
treat,7
waiter,7
castle,7
love,7
brought,7
hot,7
due,7
everywhere,7
request,7
spectacular,7
housekeeping,7
visited,7
window,7
limited,7
fact,7
toilet,7
extra,7
bedroom,7
making,7
pay,7
seen,7
tub,7
anything,7
highlight,7
town,7
covid,7
wanted,7
impressive,7
convenient,7
big,7
photo,7
notch,7
tiny,7
comment,7
pastry,7
turned,7
couple,7
offered,7
travel,7
three,7
massage,7
least,7
anywhere,6
visiting,6
stop,6
working,6
customer,6
issue,6
yet,6
none,6
luxurious,6
impeccable,6
hand,6
comfort,6
luggage,6
waterfront,6
polite,6
worked,6
literally,6
cocktail,6
went,6
selection,6
station,6
min,6
closet,6
terrible,6
mostly,6
sadly,6
fun,6
asked,6
lady,6
italian,6
problem,6
heart,6
looked,6
member,6
online,6
several,6
business,6
called,6
let,6
free,6
pretty,6
tour,6
late,6
getting,6
provided,6
managed,6
care,6
overlooking,6
card,6
cold,6
availability,6
quiet,6
upgrade,6
eclectic,6
detail,6
valet,6
given,6
fine,6
designed,6
expectation,6
waited,6
huge,6
sleek,6
feature,6
wifi,6
expected,6
year,6
overpriced,6
sun,6
seemed,6
ugly,6
10th,6
favorite,5
common,5
chose,5
world,5
understand,5
shuttle,5
slipper,5
probably,5
plenty,5
cactus,5
soon,5
name,5
decided,5
despite,5
weather,5
industrial,5
item,5
beluga,5
hospitality,5
per,5
surprised,5
pillow,5
considering,5
properly,5
surprise,5
boat,5
air,5
elegant,5
july,5
bottle,5
bath,5
sent,5
island,5
walked,5
ultra,5
change,5
terrific,5
plunge,5
weekend,5
apparently,5
advantage,5
historic,5
person,5
inside,5
including,5
charge,5
almost,5
lack,5
level,5
quarter,5
picture,5
sea,5
doorman,5
job,5
clothes,5
class,5
pompeii,5
terrace,5
piece,5
box,5
catch,5
odd,5
forward,5
alessandro,5
received,5
house,5
try,5
decent,5
treatment,5
safe,5
met,5
incredible,5
nicer,5
group,5
half,5
dark,5
mario,5
basically,5
ideal,5
taste,5
pleased,5
downstairs,5
centre,5
efficient,5
marina,5
accommodate,5
clearly,5
since,5
king,5
beginning,5
attention,5
possible,5
twice,5
major,5
snack,5
reason,5
someone,5
tell,5
showed,5
call,5
give,5
comfy,5
cab,5
expect,5
believe,5
sight,4
chic,4
knew,4
certainly,4
show,4
already,4
greeted,4
welcomed,4
wow,4
awesome,4
proofing,4
sound,4
suitcase,4
passport,4
general,4
dirty,4
priced,4
employee,4
unique,4
checked,4
immediately,4
gulf,4
public,4
architecture,4
single,4
encountered,4
region,4
trouble,4
downside,4
selected,4
private,4
hard,4
exceeded,4
month,4
gracious,4
finally,4
style,4
jacuzzi,4
choose,4
based,4
mean,4
stuff,4
saw,4
atmosphere,4
explore,4
number,4
either,4
nearby,4
attractive,4
automatic,4
go,4
slow,4
run,4
decoration,4
conveniently,4
mini,4
sfogliatella,4
maintained,4
read,4
mattress,4
likely,4
might,4
larger,4
adult,4
typical,4
behind,4
european,4
child,4
heading,4
whole,4
switch,4
suggestion,4
complimentary,4
centrally,4
speak,4
set,4
shop,4
bring,4
phone,4
stood,4
anyone,4
leaving,4
sink,4
spoke,4
brand,4
life,4
wall,4
situated,4
difficult,4
ate,4
figure,4
vacation,4
experienced,4
warehouse,4
setting,4
vesuvio,4
disappointment,4
mr,4
waiting,4
bright,4
prior,4
sandwich,4
100,4
bonus,4
danilo,4
improvement,4
willing,4
note,4
rude,4
particularly,4
together,4
departure,4
quirky,4
mediocre,4
proximity,4
worst,4
side,4
credit,4
done,4
please,4
dream,3
created,3
easily,3
designer,3
furnishing,3
include,3
shout,3
auto,3
young,3
electric,3
ordered,3
liked,3
bedside,3
alone,3
totally,3
specifically,3
contemporary,3
bustling,3
sightseeing,3
keep,3
blue,3
piazza,3
multiple,3
brilliant,3
block,3
described,3
rome,3
spotless,3
arrangement,3
explained,3
wide,3
degree,3
simply,3
spending,3
fresh,3
tasty,3
positano,3
later,3
returned,3
knowledgeable,3
sweet,3
panel,3
pricey,3
lounger,3
form,3
splendid,3
clothing,3
europe,3
receive,3
receptionist,3
trying,3
directly,3
fancy,3
split,3
daughter,3
starting,3
strange,3
chaotic,3
salad,3
longer,3
fast,3
mix,3
emailed,3
giant,3
japanese,3
pressure,3
gritty,3
rating,3
attraction,3
storage,3
holiday,3
adequate,3
curtain,3
sliding,3
soap,3
midnight,3
whilst,3
may,3
error,3
antonio,3
spanish,3
machine,3
tourist,3
often,3
non,3
range,3
seems,3
elevator,3
line,3
coming,3
low,3
roll,3
else,3
yes,3
saying,3
rather,3
neighborhood,3
immediate,3
thrilled,3
procida,3
pain,3
reasonably,3
construction,3
seeing,3
row,3
renovation,3
rest,3
seem,3
pizza,3
prosecco,3
ride,3
def,3
friendliness,3
offering,3
heat,3
hyatt,3
outdoor,3
talk,3
compact,3
picked,3
smooth,3
maybe,3
season,3
imagine,3
downtown,3
added,3
noise,3
earlier,3
vibe,3
office,3
arranged,3
opportunity,3
sensor,3
cheese,3
provide,3
organized,3
perk,3
control,3
amex,3
placed,3
salt,3
starred,3
bag,3
bell,3
immaculate,3
lie,3
vibrant,3
written,3
fulfilled,3
prompt,3
competent,3
cleaned,3
tasting,3
third,3
smiling,3
activity,3
started,3
happen,3
ischia,3
chiara,3
edge,3
product,3
charged,3
miss,3
missed,3
rough,3
sorry,3
waterfall,3
grazie,3
warmth,3
surroundings,3
case,3
tight,3
perfectly,3
dinning,3
live,3
serf,3
motion,3
elsewhere,3
accommodation,3
drawer,3
upscale,3
metro,3
meal,3
maintenance,3
promenade,3
real,3
average,3
pleasure,3
hallway,3
base,3
allows,2
associated,2
failed,2
surely,2
nominated,2
management,2
jet,2
answer,2
calling,2
spot,2
daniella,2
smoke,2
treated,2
smell,2
function,2
sometimes,2
con,2
basic,2
fairly,2
noisy,2
annoying,2
cost,2
escape,2
adjusted,2
tip,2
namely,2
personality,2
barely,2
valuable,2
key,2
walkable,2
otherwise,2
south,2
heavy,2
board,2
decorated,2
term,2
excursion,2
afternoon,2
asking,2
honest,2
heated,2
forget,2
sleeping,2
weird,2
complicated,2
reliable,2
disappoint,2
artwork,2
ready,2
ensure,2
kid,2
packed,2
obviously,2
conditioned,2
fully,2
chiaia,2
traveler,2
garden,2
fillippo,2
rain,2
thermostat,2
occasion,2
purpose,2
tier,2
temperature,2
container,2
frosted,2
insufficient,2
load,2
seat,2
molo,2
tray,2
material,2
20mins,2
round,2
royal,2
palace,2
massive,2
minus,2
greeting,2
neglected,2
mark,2
outskirt,2
dust,2
tomato,2
200,2
simple,2
allergy,2
whenever,2
assume,2
2nd,2
assistance,2
district,2
tech,2
warmly,2
girlfriend,2
important,2
gem,2
del,2
cover,2
ago,2
furniture,2
element,2
cubicle,2
underneath,2
chosen,2
allowed,2
particular,2
recently,2
foosball,2
industrious,2
tastefully,2
hardly,2
serve,2
smith,2
taken,2
traffic,2
stopover,2
deserve,2
premium,2
relaxed,2
frankly,2
traveller,2
various,2
mixed,2
nicola,2
category,2
winter,2
candle,2
higher,2
sit,2
robe,2
ran,2
cleaning,2
ahead,2
paying,2
toiletry,2
honored,2
showing,2
pointed,2
neapolitan,2
serene,2
ten,2
delicacy,2
hesitation,2
popular,2
mention,2
poolside,2
shade,2
stall,2
vegetarian,2
chair,2
loud,2
wet,2
gift,2
magical,2
fish,2
inviting,2
scenic,2
past,2
refreshing,2
advance,2
oriented,2
aura,2
ciro,2
meet,2
travelling,2
drag,2
statue,2
today,2
pasta,2
wished,2
attached,2
maximum,2
roomy,2
usual,2
add,2
pace,2
bigger,2
sense,2
game,2
bottled,2
appreciate,2
movement,2
balcony,2
ironing,2
leaf,2
versuvius,2
iron,2
complained,2
ample,2
reserved,2
regard,2
notice,2
zen,2
thoughtful,2
bistro,2
casual,2
complex,2
unusual,2
plate,2
smoothie,2
testing,2
bus,2
accept,2
true,2
giovanni,2
plebiscito,2
historical,2
upto,2
opening,2
cheap,2
relaxation,2
empty,2
gentleman,2
random,2
throw,2
stone,2
c19,2
slh,2
play,2
confortable,2
400,2
music,2
panoramic,2
owner,2
activated,2
park,2
brown,2
nicest,2
stroll,2
cute,2
importantly,2
position,2
crowded,2
nearly,2
conditioning,2
procedure,2
aesthetic,2
industry,2
luka,2
future,2
socket,2
convenience,2
extent,2
disturb,2
cleanliness,2
privacy,2
cut,2
pic,2
drive,2
slept,2
contrast,2
towards,2
communicating,2
exotic,2
adjacent,2
entrance,2
stuffy,2
watched,2
mille,2
luke,2
roman,2
event,2
interacted,2
positive,2
quickly,2
dip,2
surrounding,2
romantic,2
fruit,2
vanity,2
deserves,2
linen,2
woman,2
club,2
reaching,2
partner,2
darkness,2
ridiculous,2
speaks,2
accompanied,2
planned,2
ambiance,2
extensive,2
gallery,2
straight,2
glad,2
generally,2
double,2
explain,2
excuse,2
impossible,2
eager,2
excited,2
wrong,2
pier,2
deceiving,2
chill,2
sort,2
store,2
dessert,2
feeling,2
reasonable,2
bread,2
communication,2
shame,2
break,2
opposite,2
fab,2
negative,2
careful,2
absolute,2
courteous,2
date,2
1000,2
solid,2
presented,2
addition,2
fault,2
eaten,2
normal,2
plan,2
cream,2
list,2
move,2
eating,2
stuck,2
weight,2
face,2
twin,2
supposed,2
30am,2
dine,2
traveling,2
checking,2
finding,2
hydrofoil,2
smaller,2
watching,2
belonging,2
notification,2
shocked,2
deck,2
personal,2
dated,2
somewhat,2
previously,2
flying,2
funky,2
impression,2
georgio,2
amount,2
december,2
nowhere,2
display,2
campania,2
entry,2
fitting,2
fixture,2
traveled,2
fascinating,2
genuinely,2
imo,2
poached,2
varied,2
caring,2
ipad,2
six,2
swimming,2
smart,2
beat,2
configuration,2
lounge,2
covering,2
transport,2
updated,2
older,2
largest,2
article,2
classy,2
generously,2
lucky,2
assist,2
discovered,2
breathtaking,2
knowledge,2
eye,2
mentioned,2
disclosed,2
following,2
stressful,2
hectic,2
impressed,2
generosity,2
helpfull,2
curate,1
stubbed,1
hate,1
humoured,1
sunny,1
roadside,1
picturesque,1
ripped,1
politely,1
città,1
lined,1
narrow,1
therapist,1
halt,1
outrageous,1
toe,1
warranted,1
speed,1
delivery,1
samurai,1
stared,1
wowed,1
inexpensive,1
regulate,1
completed,1
package,1
arsenal,1
worker,1
copy,1
lived,1
bulb,1
lateness,1
tante,1
più,1
invitante,1
juice,1
traditional,1
tra,1
fountain,1
pear,1
nuce,1
attorno,1
mn,1
tutto,1
appunto,1
grand,1
però,1
enter,1
belle,1
porto,1
realized,1
justify,1
dissuesd,1
sfaccettature,1
norm,1
pole,1
assumed,1
tower,1
metal,1
360,1
parked,1
hugely,1
30ish,1
zona,1
alleyway,1
anticipated,1
scratched,1
spaciuos,1
lock,1
report,1
4oz,1
101,1
awkward,1
handmade,1
cramp,1
preferred,1
paper,1
90eur,1
outlet,1
electrical,1
functionality,1
install,1
joke,1
30eur,1
summer,1
instruction,1
fiddling,1
4am,1
pretentious,1
submit,1
normally,1
question,1
hesitate,1
crane,1
tonne,1
appalling,1
reduced,1
rotten,1
doorstep,1
interested,1
baked,1
stereo,1
tooth,1
grainy,1
scramble,1
bacon,1
query,1
sausage,1
asset,1
2019,1
escorted,1
scam,1
andrea,1
held,1
operate,1
mother,1
process,1
guy,1
carte,1
caters,1
sejour,1
happens,1
force,1
instead,1
worrying,1
shattered,1
triggering,1
architect,1
creation,1
accepted,1
handy,1
interest,1
ton,1
concern,1
resuaurant,1
personl,1
finenest,1
reconsidering,1
subway,1
decide,1
driving,1
cafe,1
somehow,1
bone,1
license,1
tagging,1
trash,1
crossing,1
reastaurants,1
illuminate,1
fifth,1
section,1
wise,1
foot,1
broke,1
saturday,1
turkish,1
aspect,1
commended,1
listed,1
along,1
whistle,1
contains,1
fireplace,1
sitting,1
techno,1
constraint,1
equipment,1
link,1
beside,1
ended,1
awakening,1
excruciating,1
direction,1
rezervations,1
inexplicably,1
classical,1
showering,1
desired,1
bellboy,1
bothered,1
bun,1
sell,1
functioning,1
strawberry,1
horribly,1
1989,1
kinda,1
blocking,1
tart,1
proper,1
pallonetto,1
cause,1
herculaneum,1
cruising,1
cardio,1
sister,1
3000,1
cart,1
salmon,1
carb,1
sugary,1
multi,1
asian,1
visuvius,1
seafood,1
focused,1
uphold,1
weregretted,1
leather,1
wood,1
built,1
originally,1
owning,1
hold,1
charging,1
pompey,1
cellar,1
negroni,1
theme,1
bartender,1
disputed,1
7000,1
hydro,1
response,1
unresponsive,1
pompous,1
compromise,1
company,1
build,1
downhill,1
shallow,1
splash,1
automated,1
consider,1
foyer,1
catching,1
knock,1
prettiest,1
507,1
delight,1
extraordinarily,1
dimming,1
overcast,1
commanding,1
talking,1
nearness,1
fizz,1
pained,1
fancier,1
bathtub,1
beverello,1
inconvenient,1
actual,1
perhaps,1
pair,1
annoyance,1
become,1
spoilt,1
heard,1
layout,1
email,1
pant,1
black,1
teeny,1
retrieved,1
wacked,1
delay,1
shin,1
separated,1
alongside,1
overnight,1
timed,1
punchy,1
flush,1
350,1
tidy,1
50th,1
significant,1
wishing,1
mirrored,1
physician,1
insult,1
correct,1
boy,1
disrespect,1
baroque,1
scum,1
mold,1
filthy,1
passable,1
sweep,1
mat,1
memorable,1
shined,1
generous,1
motorized,1
bunch,1
rarely,1
trust,1
tact,1
message,1
presentation,1
filling,1
drape,1
celebration,1
helping,1
instance,1
struggled,1
champagne,1
decadent,1
refreshment,1
refreshingly,1
boot,1
claimed,1
zealand,1
charterhouse,1
gusto,1
gran,1
vesuviusa,1
belief,1
floora,1
1st,1
fluent,1
ball,1
yoga,1
exercising,1
pulley,1
includes,1
carton,1
seaview,1
wery,1
pomegranate,1
hung,1
fronm,1
secure,1
compared,1
hip,1
unclean,1
snag,1
chip,1
rolled,1
coupled,1
esthetic,1
tired,1
460,1
fleeced,1
difference,1
rusty,1
spoiled,1
illegal,1
glimpse,1
prepaid,1
intention,1
dispenses,1
splurged,1
snap,1
emergency,1
crouch,1
underperformed,1
upstairs,1
utilize,1
pitiful,1
checkout,1
refuge,1
repaired,1
rood,1
plastic,1
fat,1
cosmopolitan,1
reused,1
barman,1
prepared,1
touring,1
unwind,1
continuously,1
sealed,1
leaked,1
oversized,1
power,1
woke,1
launch,1
hipster,1
execution,1
lorry,1
overlook,1
theory,1
enormous,1
riverboat,1
thrown,1
3ish,1
resonate,1
ravello,1
ercolano,1
pompeij,1
historically,1
fitness,1
slot,1
cheapest,1
forever,1
boyfriend,1
daytime,1
backdrop,1
francesca,1
provides,1
silvana,1
loredana,1
doubt,1
printing,1
shadow,1
bother,1
installation,1
silly,1
rid,1
valid,1
definite,1
arrive,1
shambled,1
starter,1
wheat,1
apologetic,1
communal,1
shipping,1
highway,1
lane,1
featuring,1
multitude,1
toast,1
portion,1
rye,1
benedict,1
disgusting,1
dish,1
meat,1
vegetable,1
carbs,1
mouth,1
upwards,1
outlook,1
result,1
rectify,1
swimmer,1
suitable,1
daily,1
beverollo,1
alibus,1
planning,1
furnished,1
penny,1
usd,1
billing,1
laying,1
anymore,1
living,1
keen,1
action,1
worn,1
faulty,1
excessively,1
value,1
departed,1
present,1
logic,1
crazy,1
exchange,1
pointing,1
pro,1
fashioned,1
remarked,1
furthermore,1
external,1
absurd,1
converting,1
eur,1
corrected2,1
000,1
overcharged,1
stale,1
desire,1
shady,1
minor,1
inspired,1
quriky,1
gold,1
3rd,1
flavoured,1
contacted,1
arriving,1
bubble,1
necessary,1
february,1
esque,1
commercial,1
oddity,1
us,1
lantern,1
thunderstorm,1
walled,1
touristy,1
queer,1
learn,1
microlocation,1
culture,1
arround,1
colection,1
ventilation,1
cigar,1
gorgeus,1
atractions,1
rug,1
lighten,1
beaten,1
tremendous,1
path,1
timing,1
automatically,1
crack,1
freak,1
irritant,1
manned,1
regio,1
skillfully,1
mythology,1
tec,1
gadget,1
vicinity,1
picky,1
lacking,1
covered,1
joked,1
balm,1
lip,1
pen,1
shampoo,1
compensate,1
beautifully,1
giving,1
apartment,1
slightly,1
delivered,1
age,1
fill,1
habibts,1
testicle,1
beef,1
trained,1
earns,1
granted,1
smoking,1
disturbed,1
noted,1
cagey,1
refused,1
costumeres,1
lightning,1
character,1
strike,1
effort,1
oiled,1
cuisine,1
hilton,1
hit,1
intermittent,1
deceptive,1
biggest,1
agent,1
chilly,1
iffy,1
hassle,1
closing,1
explaining,1
praise,1
soaking,1
studio,1
rundown,1
entirety,1
pity,1
weak,1
laughably,1
meanwhile,1
messy,1
paraphernalia,1
rained,1
pour,1
exploring,1
correspondence,1
mail,1
iolanda,1
addicted,1
blowing,1
espresso,1
employer,1
3day,1
unforgettable,1
coke,1
forgotten,1
handled,1
leaking,1
folded,1
meantime,1
glitch,1
crew,1
lake,1
justifies,1
antique,1
factory,1
jakob,1
iris,1
5min,1
fillipo,1
alehandro,1
tina,1
luca,1
sara,1
deparment,1
relation,1
chess,1
stark,1
celebrated,1
inquiry,1
como,1
souvenir,1
calm,1
japan,1
visitor,1
stick,1
mum,1
largely,1
hoping,1
vallet,1
creatively,1
bearing,1
sems,1
puglia,1
post,1
internet,1
support,1
colorful,1
create,1
mindblowing,1
bash,1
freebie,1
suggests,1
divine,1
prepare,1
appointment,1
museum,1
east,1
operation,1
aware,1
187,1
superior,1
reçeption,1
napels,1
news,1
aim,1
sector,1
telling,1
funny,1
thread,1
vit,1
insonorisation,1
apart,1
squeeze,1
porter,1
restricted,1
copied,1
alright,1
deposit,1
happened,1
panicked,1
sunlight,1
account,1
luckily,1
645,1
declined,1
joking,1
payment,1
bottom,1
bank,1
50am,1
transition,1
temporary,1
impeccably,1
opera,1
employed,1
dear,1
laurence,1
consideration,1
partnership,1
finish,1
expert,1
ease,1
demeanor,1
command,1
bodega,1
sport,1
pack,1
pomodoro,1
unlimited,1
responded,1
seamless,1
delightful,1
minibar,1
dyson,1
costing,1
misinformation,1
solo,1
informed,1
highest,1
omelette,1
delayed,1
suited,1
gourmandes,1
commandante,1
chance,1
expectant,1
thursday,1
respond,1
unlocked,1
reset,1
unlike,1
villa,1
reviewer,1
understood,1
thick,1
swim,1
whimsical,1
instagram,1
restriction,1
surrondings,1
lungomare,1
ice,1
550,1
scaffolding,1
130,1
2hrs,1
perspex,1
frontage,1
whatsoever,1
bizarre,1
noticed,1
button,1
artifact,1
yr,1
300,1
dominated,1
debacle,1
guess,1
thereby,1
cooler,1
perplexing,1
brekkie,1
unbelievably,1
sheer,1
ubiquitous,1
lava,1
vas,1
pull,1
enhancing,1
contradictory,1
extraordinary,1
tasted,1
successful,1
intelligent,1
charming,1
utterly,1
gaia,1
manageress,1
dotted,1
log,1
magic,1
required,1
waking,1
mandatory,1
drab,1
kindly,1
gret,1
misleading,1
drastically,1
peeking,1
scrap,1
orient,1
decrepit,1
truth,1
lockdown,1
tale,1
write,1
land,1
optimal,1
word,1
reality,1
pride,1
listen,1
security,1
regarding,1
desing,1
housekeeper,1
illuminated,1
2020,1
thoroughly,1
yacht,1
mirror,1
adhered,1
guideline,1
distancing,1
social,1
except,1
tye,1
rap,1
recovery,1
spec,1
equip,1
technogym,1
ironed,1
palpable,1
stench,1
stack,1
tange,1
pharmacy,1
wired,1
april,1
climate,1
unstable,1
admire,1
kindness,1
unexpected,1
kenzo,1
bear,1
pick,1
gratifying,1
environment,1
discover,1
nervous,1
judgy,1
opened,1
stress,1
polar,1
blanket,1
hairdryer,1
october,1
complain,1
ludicrous,1
technician,1
breathe,1
final,1
freezing,1
munchies,1
cope,1
cell,1
test,1
stolen,1
flaw,1
greatly,1
comforted,1
cancel,1
rebook,1
unhelpful,1
hug,1
mood,1
florence,1
promise,1
avoiding,1
changed,1
changing,1
fulfill,1
fullest,1
compensation,1
instantly,1
strongly,1
ambience,1
situation,1
cozy,1
sulkyness,1
requirement,1
resolved,1
accommodative,1
roberta,1
fence,1
overjoyed,1
infrared,1
guide,1
exact,1
thx,1
utensil,1
avid,1
smartly,1
efficiently,1
volcano,1
exeprience,1
exists,1
triple,1
practice,1
vip,1
peacefull,1
kudos,1
respectful,1
fulfil,1
hesitance,1
professionally,1
dealt,1
cutlerries,1
route,1
turndown,1
boxed,1
stupid,1
biscotti,1
combined,1
stylishness,1
streaming,1
retreat,1
app,1
boring,1
pompei,1
tourism,1
upper,1
potential,1
rip,1
effect,1
ipitaly,1
pee,1
wake,1
cleaner,1
lastly,1
jar,1
modernity,1
derelict,1
stopping,1
fuel,1
marine,1
blind,1
breeze,1
slightest,1
ability,1
blocked,1
blacked,1
branded,1
assorted,1
coat,1
toward,1
thoroughfare,1
hanger,1
napkin,1
crowning,1
handwritten,1
beach,1
zero,1
convent,1
décor,1
hogged,1
gourmet,1
rental,1
unloaded,1
flat,1
among,1
wonderland,1
via,1
nuovo,1
smoothly,1
castel,1
airplane,1
exactly,1
separately,1
reviewing,1
whether,1
unobstructed,1
magazine,1
reopen,1
inform,1
besides,1
knowing,1
sunbathing,1
june,1
2022,1
oasis,1
seating,1
anybody,1
international,1
superbly,1
oct,1
sept,1
disagree,1
bottega,1
xmaxma,1
veneta,1
shown,1
heavenly,1
priority,1
scrambled,1
sixth,1
underground,1
newest,1
teatro,1
plebicito,1
channel,1
separate,1
showerhead,1
tatty,1
beautify,1
fanciest,1
stated,1
carlo,1
frustrating,1
boxspring,1
spring,1
electrically,1
gastronomic,1
bistrot,1
uncared,1
frustration,1
san,1
nuevo,1
remembered,1
till,1
wort,1
throat,1
mixr,1
exceeding,1
reccomendations,1
initial,1
clear,1
nicole,1
scanning,1
greatest,1
hence,1
speciality,1
specialty,1
overlooked,1
wash,1
washroom,1
american,1
plentiful,1
alternative,1
operated,1
brough,1
somewhere,1
fsoft,1
fried,1
duvet,1
mite,1
consistently,1
scored,1
severe,1
suffered,1
260,1
dreaming,1
department,1
returning,1
smoker,1
simone,1
regularly,1
staffed,1
ground,1
lively,1
cushion,1
fantastics,1
prefer,1
practical,1
penthouse,1
afterwards,1
ill,1
malta,1
bland,1
mine,1
bite,1
accomodating,1
infra,1
ham,1
red,1
martini,1
rainy,1
rated,1
umbrella,1
forgetting,1
breath,1
continental,1
vyacheslav,1
relief,1
benefit,1
confirmation,1
supposedly,1
proof,1
characteristic,1
total,1
expedia,1
slvia,1
phiippo,1
fhr,1
unserviced,1
information,1
providing,1
basement,1
unless,1
albeit,1
adrift,1
remaining,1
postage,1
mattered,1
arrogant,1
insistence,1
agreed,1
nicely,1
stefania,1
sicily,1
choiced,1
professionalism,1
repair,1
model,1
sude,1
thete,1
aroubd,1
globalist,1
suffice,1
snd,1
confronted,1
disliked,1
unaccommodating,1
gesture,1
toothpaste,1
untouched,1
insisted,1
santa,1
running,1
26h,1
exceedingly,1
adorned,1
condition,1
played,1
factor,1
lucia,1
uncomfortable,1
turning,1
shabby,1
sized,1
irritated,1
seated,1
example,1
speaker,1
bravo,1
berating,1
stain,1
monday,1
respite,1
tot,1
stamp,1
maitre,1
accurate,1
remember,1
understandably,1
boating,1
radiated,1
nature,1
befits,1
establishment,1
stupidly,1
sensitive,1
honestly,1
trattoria,1
hanging,1
baggage,1
rely,1
cherry,1
famous,1
utmost,1
closely,1
suggest,1
payed,1
500,1
fooled,1
pas,1
truck,1
obstructed,1
suit,1
remodeled,1
buffala,1
artistic,1
ninth,1
reale,1
palazzo,1
niceness,1
extended,1
entirely,1
begin,1
cleanneless,1
tasteless,1
stocked,1
ranging,1
technology,1
600,1
advertised,1
vast,1
uber,1
par,1
sub,1
primarily,1
yogurt,1
bufala,1
takeaway,1
color,1
cooked,1
connection,1
chain,1
supplier,1
rubber,1
mozarella,1
awarded,1
november,1
sunset,1
relly,1
brilliantly,1
dramatic,1
nevertheless,1
orientated,1
market,1
posh,1
nation,1
sign,1
bruno,1
easier,1
particuliery,1
story,1
enjoying,1
aplenty,1
history,1
venue,1
peninsula,1
everybody,1
watch,1
strip,1
closer,1
liner,1
safer,1
landmark,1
sending,1
cater,1
headed,1
spoil,1
genuine,1
addressing,1
heartedly,1
servicing,1
cup,1
conservative,1
tea,1
tucking,1
ensconced,1
safely,1
unlikely,1
hear,1
mask,1
outdoors,1
introduced,1
knee,1
warmest,1
panicking,1
flooded,1
splurge,1
exquisite,1
celebrate,1
succinctly,1
unbelievable,1
opted,1
grandson,1
amazingly,1
volta,1
prossima,1
vediamo,1
tutti,1
carmen,1
recieved,1
amongst,1
soak,1
mess,1
culinary,1
scale,1
refreshed,1
yummy,1
controlling,1
curve,1
learning,1
soft,1
700,1
dropped,1
misconception,1
apology,1
addressed,1
rare,1
conventional,1
drain,1
chalked,1
lacked,1
selling,1
hearth,1
borgo,1
host,1
liking,1
newish,1
delighted,1
pistachio,1
refurbished,1
january,1
credited,1
apologized,1
solar,1
mate,1
leadership,1
firm,1
yard,1
reflection,1
colourful,1
discount,1
pandemic,1
step,1
tough,1
miscalculation,1
okay,1
horrible,1
chamber,1
captain,1
helpfil,1
lasting,1
bringing,1
screen,1
animated,1
ticket,1
print,1
diet,1
hello,1
flawless,1
popped,1
departing,1
laminated,1
fell,1
cautious,1
recover,1
